{
  "posts": [
    {
      "id": 1,
      "title": "json-server",
      "author": "typicode"
    }
  ],
  "comments": [
    {
      "id": 1,
      "body": "some comment",
      "postId": 1
    }
  ],
  "profile": {
    "name": "typicode"
  },
  "creditCards": [
    {
      "id": 11,
      "creditCardNumber": "3453 535345 345343",
      "cardHolder": "Mr. John Smith",
      "expirationDate": "12 / 2020",
      "securityCode": "323",
      "amount": 10
    },
    {
      "id": 12,
      "creditCardNumber": "5432 3552 3523 5253",
      "cardHolder": "fasaasf",
      "expirationDate": "02 / 41412",
      "securityCode": "424",
      "amount": ""
    }
  ],
  "payments": [
    {
      "id": 1,
      "creditCards": "creditCards",
      "amount": 1
    },
    {
      "id": 2,
      "creditCard": "",
      "amount": 2
    }
  ]
}